miRNA,miRNA_name,normal_mean,tumor_mean,log2FC,pvalue,stat,padj
MIMAT0004552,hsa-miR-421,6.649897959183674,4.207471698113207,-0.6603786358464432,1.571197184282511e-28,11.079859046520127,4.1008246509773537e-26
MIMAT0001341,Unknown (MIMAT0001341),9.166142857142855,6.528644204851753,-0.4895313504792162,3.489362823055278e-27,10.798746049295314,4.5536184840871365e-25
MIMAT0000250,Unknown (MIMAT0000250),8.511775510204082,6.41888140161725,-0.4071381963633382,5.963644763705947e-25,10.316033085241124,5.188370944424174e-23
MIMAT0000099,Unknown (MIMAT0000099),15.506734693877553,14.022695417789755,-0.1451312368280564,3.330859659247908e-24,10.14949398220816,2.1733859276592603e-22
MIMAT0000064,Unknown (MIMAT0000064),12.438163265306123,10.714035040431266,-0.2152715399133753,4.944139624159486e-23,9.882780982614015,2.246854791388436e-21
MIMAT0004500,Unknown (MIMAT0004500),5.882693877551021,4.652870619946092,-0.3383558921770726,5.1651834284791634e-23,9.878398374639463,2.246854791388436e-21
MIMAT0000076,Unknown (MIMAT0000076),16.18795918367347,17.71099730458221,0.1297243358856663,1.0118238089309664e-22,-9.810780994460666,3.7726573447283176e-21
MIMAT0000436,hsa-miR-133a-3p,5.585918367346938,2.9230614555256063,-0.9343143289985572,2.5395437115604324e-22,9.717494053288066,8.285261358965911e-21
MIMAT0000693,Unknown (MIMAT0000693),13.924081632653063,12.700700808625337,-0.132674071997445,3.05330188524917e-22,9.698711447682845,8.473208582091762e-21
MIMAT0000079,Unknown (MIMAT0000079),5.357367346938775,4.089598382749326,-0.3895650520866049,3.2464400697669586e-22,9.69245057914777,8.473208582091762e-21
MIMAT0004799,Unknown (MIMAT0004799),5.394734693877551,6.5620377358490565,0.2825918787161816,5.526418885612854e-22,-9.637981022892628,1.311268481040868e-20
MIMAT0000461,Unknown (MIMAT0000461),6.303714285714285,4.501857412398922,-0.4856817835326747,7.357426243552446e-22,9.608554940777784,1.600240207972657e-20
MIMAT0001545,hsa-miR-483-5p,4.487183673469388,2.9889474393530997,-0.5861727114802178,1.1047157197673877e-21,9.566607121592789,2.2179292527637555e-20
MIMAT0000681,Unknown (MIMAT0000681),12.061632653061224,10.603404312668465,-0.1858976739069384,1.8454880883956255e-21,9.51338973904466,3.4103533273063683e-20
MIMAT0002808,hsa-miR-511-5p,4.998836734693878,3.3871490566037736,-0.561520932218287,1.959973176612855e-21,9.507128870509586,3.4103533273063683e-20
MIMAT0000093,Unknown (MIMAT0000093),11.02708163265306,12.447169811320752,0.1747667196025739,2.9658505411507093e-21,-9.463928877617576,4.838043695252095e-20
MIMAT0000423,Unknown (MIMAT0000423),10.20161224489796,8.838938005390835,-0.2068522252561844,5.4853230927817675e-21,9.399441931706315,8.421584277741421e-20
MIMAT0004482,Unknown (MIMAT0004482),4.929020408163265,3.774576819407008,-0.3849860462938399,1.1573332692251085e-20,9.320554988164387,1.6781332403764077e-19
MIMAT0004584,Unknown (MIMAT0004584),5.646306122448981,4.546768194070081,-0.3124658949984633,3.269230803646421e-20,9.20973761509358,4.490890735535347e-19
MIMAT0000082,Unknown (MIMAT0000082),11.962244897959184,10.973320754716982,-0.1244879774117566,5.3597751206645805e-20,9.156520232545452,6.994506532467277e-19
MIMAT0003389,Unknown (MIMAT0003389),8.967877551020408,7.65466037735849,-0.2284282099404504,1.2305515386284898e-19,9.06636372564039,1.5293997694382661e-18
MIMAT0000088,Unknown (MIMAT0000088),13.19265306122449,11.659067385444745,-0.1782823305177232,1.4203969765545802e-19,9.050711554302705,1.685107322185206e-18
MIMAT0002820,Unknown (MIMAT0002820),5.173224489795919,3.845962264150943,-0.4277191907169435,3.361441324132983e-19,8.95617243942309,3.814505154776994e-18
MIMAT0000083,Unknown (MIMAT0000083),11.078755102040818,9.949361185983827,-0.1551199743937585,4.59028495152082e-19,8.921737662480185,4.846755008081778e-18
MIMAT0000425,Unknown (MIMAT0000425),6.830938775510204,5.336913746630727,-0.3560781664622059,4.642485639925075e-19,8.92048548877317,4.846755008081778e-18
MIMAT0000254,Unknown (MIMAT0000254),10.524244897959184,13.430369272237195,0.351782247312209,7.007106305129779e-19,-8.87478114846713,7.034056713995663e-18
MIMAT0000731,Unknown (MIMAT0000731),8.16091836734694,6.601679245283019,-0.3058984669262559,7.454210662932835e-19,8.86789419307855,7.205736974168408e-18
MIMAT0004784,Unknown (MIMAT0004784),10.538714285714288,9.123994609164422,-0.2079613707694583,8.247366999815999e-19,8.856624629715418,7.687724239114199e-18
MIMAT0000232,Unknown (MIMAT0000232),11.297755102040815,8.978754716981133,-0.3314488598281784,2.003790980223247e-18,8.757076820007743,1.734547038871559e-17
MIMAT0004563,Unknown (MIMAT0004563),11.294081632653064,8.971703504043127,-0.3321131158617709,2.014947448720958e-18,8.756450733154235,1.734547038871559e-17
MIMAT0004673,Unknown (MIMAT0004673),5.616142857142858,4.536676549865229,-0.3079438298293522,2.0601899695409317e-18,8.753946385740207,1.734547038871559e-17
MIMAT0000765,hsa-miR-335-5p,4.525673469387756,3.0696789757412395,-0.5600447091317862,1.1802131587761608e-17,8.55485076632486,9.334413164865998e-17
MIMAT0000437,Unknown (MIMAT0000437),11.057448979591838,9.56833962264151,-0.208678082304758,1.1802131587761608e-17,8.55485076632486,9.334413164865998e-17
MIMAT0016847,Unknown (MIMAT0016847),5.262387755102042,3.838898113207547,-0.4550252856735508,1.9308978022897553e-17,8.497876862655687,1.4822480188165475e-16
MIMAT0017985,Unknown (MIMAT0017985),7.532938775510203,5.371986522911052,-0.4877571183957023,2.4867827423218665e-17,8.46845078054084,1.8544294164171635e-16
MIMAT0004513,Unknown (MIMAT0004513),3.907306122448979,2.9658727762803236,-0.3977175761248639,2.7245183441770326e-17,8.457807304031215,1.9752757995283484e-16
MIMAT0004909,Unknown (MIMAT0004909),4.77234693877551,3.543382749326145,-0.4295716165048362,3.697309581789493e-17,8.422120353381294,2.6081021644515073e-16
MIMAT0000097,Unknown (MIMAT0000097),10.682795918367349,9.15812398921833,-0.2221652783982888,4.1805643911992485e-17,8.407720355750625,2.871387647639484e-16
MIMAT0001631,Unknown (MIMAT0001631),10.56226530612245,8.473574123989218,-0.3178767582449358,4.3396425468007007e-17,8.403337747776073,2.904222319782007e-16
MIMAT0000253,Unknown (MIMAT0000253),14.786122448979592,13.295649595687332,-0.1532895001858207,4.675922925667272e-17,8.39457253182697,3.0510397089978953e-16
MIMAT0002888,Unknown (MIMAT0002888),9.375836734693875,10.407288409703504,0.1505748745341453,6.536121154625789e-17,-8.355129060056004,4.160799076481295e-16
MIMAT0004550,Unknown (MIMAT0004550),6.470040816326529,5.128075471698113,-0.335357318739244,7.305604818538806e-17,8.34198123613235,4.539911565806259e-16
MIMAT0002871,Unknown (MIMAT0002871),7.249836734693878,8.436115902964959,0.2186304101092644,1.218881661196354e-16,-8.281250811342133,7.398328222610428e-16
MIMAT0002177,Unknown (MIMAT0002177),8.198857142857143,6.464469002695418,-0.3428909526052286,4.624625314403288e-16,8.120972576844244,2.743243652407405e-15
MIMAT0000281,hsa-miR-223-3p,3.99765306122449,6.595916442048518,0.7224198502971693,5.891189643540923e-16,-8.091546494729396,3.416889993253735e-15
MIMAT0002876,Unknown (MIMAT0002876),6.936183673469388,5.752159029649596,-0.2700385398766221,3.4095974375564928e-15,7.874920443415843,1.934575937396184e-14
MIMAT0004814,Unknown (MIMAT0004814),5.759469387755102,4.143520215633424,-0.4750789433254367,3.531198507434133e-15,7.870537835441291,1.9609421498729973e-14
MIMAT0006790,hsa-miR-1257,8.420244897959183,5.703770889487871,-0.5619461614475578,5.1597457226758945e-15,7.822955234574731,2.8056117367050177e-14
MIMAT0000434,Unknown (MIMAT0000434),11.45422448979592,10.041725067385444,-0.1898726529581882,6.019119221984442e-15,7.803546542116002,3.206102279465182e-14
MIMAT0000733,Unknown (MIMAT0000733),10.344142857142858,8.681469002695417,-0.2528030159000729,1.2013676737453584e-14,7.715894382624968,6.271139256950771e-14
